{"coverage": 75.10373443983403, "raw_data": {"meta": {"format": 3, "version": "7.13.0", "timestamp": "2025-12-19T01:13:56.982643", "branch_coverage": false, "show_contexts": false}, "files": {"src/seqabpy/__init__.py": {"executed_lines": [1, 3, 4, 7, 11], "summary": {"covered_lines": 5, "num_statements": 5, "percent_covered": 100.0, "percent_covered_display": "100", "missing_lines": 0, "excluded_lines": 0, "percent_statements_covered": 100.0, "percent_statements_covered_display": "100"}, "missing_lines": [], "excluded_lines": [], "functions": {"": {"executed_lines": [1, 3, 4, 7, 11], "summary": {"covered_lines": 5, "num_statements": 5, "percent_covered": 100.0, "percent_covered_display": "100", "missing_lines": 0, "excluded_lines": 0, "percent_statements_covered": 100.0, "percent_statements_covered_display": "100"}, "missing_lines": [], "excluded_lines": []}}, "classes": {"": {"executed_lines": [1, 3, 4, 7, 11], "summary": {"covered_lines": 5, "num_statements": 5, "percent_covered": 100.0, "percent_covered_display": "100", "missing_lines": 0, "excluded_lines": 0, "percent_statements_covered": 100.0, "percent_statements_covered_display": "100"}, "missing_lines": [], "excluded_lines": []}}}, "src/seqabpy/gatsby.py": {"executed_lines": [1, 2, 3, 5, 6, 7, 9, 12, 47, 48, 49, 67, 70, 80, 81, 82, 93, 154, 162, 163, 168, 169, 170, 171, 172, 173, 176, 178, 187, 188, 189, 190, 191, 192, 195, 198, 201, 206, 211, 212, 217, 218, 221, 222, 225, 230, 233, 234, 237, 240, 243, 246, 247, 250, 251, 254, 256, 257, 258, 259, 265, 267, 270, 271, 276, 303, 310, 311, 312, 315, 316, 318, 321, 322, 327, 328, 331, 332, 333, 334, 335, 342, 347, 348, 350, 353, 354, 356, 358, 363, 366, 400, 402, 404, 408, 410, 414, 419, 424, 426, 435, 468, 473, 478, 480, 483, 484, 485, 487, 494, 495, 496, 497, 498, 499, 502, 505, 509, 513, 528, 542, 551, 552, 553, 555, 557, 558, 562, 563, 565], "summary": {"covered_lines": 130, "num_statements": 185, "percent_covered": 70.27027027027027, "percent_covered_display": "70", "missing_lines": 55, "excluded_lines": 0, "percent_statements_covered": 70.27027027027027, "percent_statements_covered_display": "70"}, "missing_lines": [50, 51, 52, 53, 54, 55, 56, 57, 58, 61, 62, 63, 65, 83, 84, 88, 165, 166, 223, 268, 272, 278, 285, 287, 288, 290, 292, 294, 319, 401, 403, 405, 409, 411, 415, 469, 475, 476, 479, 481, 506, 510, 514, 515, 516, 524, 525, 530, 531, 533, 534, 538, 539, 540, 545], "excluded_lines": [], "functions": {"alpha_spending_function": {"executed_lines": [47, 48, 49, 67], "summary": {"covered_lines": 4, "num_statements": 17, "percent_covered": 23.529411764705884, "percent_covered_display": "24", "missing_lines": 13, "excluded_lines": 0, "percent_statements_covered": 23.529411764705884, "percent_statements_covered_display": "24"}, "missing_lines": [50, 51, 52, 53, 54, 55, 56, 57, 58, 61, 62, 63, 65], "excluded_lines": []}, "multivariate_norm_cdf": {"executed_lines": [80, 81, 82], "summary": {"covered_lines": 3, "num_statements": 6, "percent_covered": 50.0, "percent_covered_display": "50", "missing_lines": 3, "excluded_lines": 0, "percent_statements_covered": 50.0, "percent_statements_covered_display": "50"}, "missing_lines": [83, 84, 88], "excluded_lines": []}, "calculate_sequential_bounds": {"executed_lines": [154, 178, 198, 201, 206, 211, 212, 217, 218, 221, 222, 225, 230, 233, 234, 237, 240, 243, 246, 247, 250, 251, 254, 256, 257, 258, 259, 265, 267, 270, 271, 276, 303, 310, 311, 312, 315, 316, 318, 321, 322, 327, 328, 331, 332, 333, 334, 335, 342, 347, 348, 350, 353, 354, 356, 358, 363], "summary": {"covered_lines": 57, "num_statements": 68, "percent_covered": 83.82352941176471, "percent_covered_display": "84", "missing_lines": 11, "excluded_lines": 0, "percent_statements_covered": 83.82352941176471, "percent_statements_covered_display": "84"}, "missing_lines": [223, 268, 272, 278, 285, 287, 288, 290, 292, 294, 319], "excluded_lines": []}, "calculate_sequential_bounds.calculate_upper_bound": {"executed_lines": [162, 163, 168, 169, 170, 171, 172, 173, 176], "summary": {"covered_lines": 9, "num_statements": 11, "percent_covered": 81.81818181818181, "percent_covered_display": "82", "missing_lines": 2, "excluded_lines": 0, "percent_statements_covered": 81.81818181818181, "percent_statements_covered_display": "82"}, "missing_lines": [165, 166], "excluded_lines": []}, "calculate_sequential_bounds.calculate_lower_bound": {"executed_lines": [187, 188, 189, 190, 191, 192, 195], "summary": {"covered_lines": 7, "num_statements": 7, "percent_covered": 100.0, "percent_covered_display": "100", "missing_lines": 0, "excluded_lines": 0, "percent_statements_covered": 100.0, "percent_statements_covered_display": "100"}, "missing_lines": [], "excluded_lines": []}, "ldBounds": {"executed_lines": [400, 402, 404, 408, 410, 414, 419, 424, 426], "summary": {"covered_lines": 9, "num_statements": 15, "percent_covered": 60.0, "percent_covered_display": "60", "missing_lines": 6, "excluded_lines": 0, "percent_statements_covered": 60.0, "percent_statements_covered_display": "60"}, "missing_lines": [401, 403, 405, 409, 411, 415], "excluded_lines": []}, "GST": {"executed_lines": [468, 473, 478, 480, 483, 484, 485, 487, 505, 509, 513, 528, 542, 551, 552, 553, 555, 557, 558, 562, 563, 565], "summary": {"covered_lines": 22, "num_statements": 42, "percent_covered": 52.38095238095238, "percent_covered_display": "52", "missing_lines": 20, "excluded_lines": 0, "percent_statements_covered": 52.38095238095238, "percent_statements_covered_display": "52"}, "missing_lines": [469, 475, 476, 479, 481, 506, 510, 514, 515, 516, 524, 525, 530, 531, 533, 534, 538, 539, 540, 545], "excluded_lines": []}, "GST.calculate_upper_bound": {"executed_lines": [494, 495, 496, 497, 498, 499, 502], "summary": {"covered_lines": 7, "num_statements": 7, "percent_covered": 100.0, "percent_covered_display": "100", "missing_lines": 0, "excluded_lines": 0, "percent_statements_covered": 100.0, "percent_statements_covered_display": "100"}, "missing_lines": [], "excluded_lines": []}, "": {"executed_lines": [1, 2, 3, 5, 6, 7, 9, 12, 70, 93, 366, 435], "summary": {"covered_lines": 12, "num_statements": 12, "percent_covered": 100.0, "percent_covered_display": "100", "missing_lines": 0, "excluded_lines": 0, "percent_statements_covered": 100.0, "percent_statements_covered_display": "100"}, "missing_lines": [], "excluded_lines": []}}, "classes": {"": {"executed_lines": [1, 2, 3, 5, 6, 7, 9, 12, 47, 48, 49, 67, 70, 80, 81, 82, 93, 154, 162, 163, 168, 169, 170, 171, 172, 173, 176, 178, 187, 188, 189, 190, 191, 192, 195, 198, 201, 206, 211, 212, 217, 218, 221, 222, 225, 230, 233, 234, 237, 240, 243, 246, 247, 250, 251, 254, 256, 257, 258, 259, 265, 267, 270, 271, 276, 303, 310, 311, 312, 315, 316, 318, 321, 322, 327, 328, 331, 332, 333, 334, 335, 342, 347, 348, 350, 353, 354, 356, 358, 363, 366, 400, 402, 404, 408, 410, 414, 419, 424, 426, 435, 468, 473, 478, 480, 483, 484, 485, 487, 494, 495, 496, 497, 498, 499, 502, 505, 509, 513, 528, 542, 551, 552, 553, 555, 557, 558, 562, 563, 565], "summary": {"covered_lines": 130, "num_statements": 185, "percent_covered": 70.27027027027027, "percent_covered_display": "70", "missing_lines": 55, "excluded_lines": 0, "percent_statements_covered": 70.27027027027027, "percent_statements_covered_display": "70"}, "missing_lines": [50, 51, 52, 53, 54, 55, 56, 57, 58, 61, 62, 63, 65, 83, 84, 88, 165, 166, 223, 268, 272, 278, 285, 287, 288, 290, 292, 294, 319, 401, 403, 405, 409, 411, 415, 469, 475, 476, 479, 481, 506, 510, 514, 515, 516, 524, 525, 530, 531, 533, 534, 538, 539, 540, 545], "excluded_lines": []}}}, "src/seqabpy/gavi.py": {"executed_lines": [1, 3, 6, 7, 15, 34, 35, 36, 41, 42, 44, 58, 61, 63, 67, 70, 73, 74, 76, 95, 96, 97, 100, 103, 104, 106, 122, 125, 127, 130, 131, 133, 144, 147, 148, 149, 152, 153, 154, 157, 190, 191, 192, 193, 196, 204, 207], "summary": {"covered_lines": 46, "num_statements": 51, "percent_covered": 90.19607843137256, "percent_covered_display": "90",