{"coverage": 91.30434782608695, "raw_data": {"meta": {"format": 3, "version": "7.13.5", "timestamp": "2026-04-19T21:23:19.859513", "branch_coverage": false, "show_contexts": false}, "files": {"src/seqabpy/__init__.py": {"executed_lines": [1, 3, 5], "summary": {"covered_lines": 3, "num_statements": 3, "percent_covered": 100.0, "percent_covered_display": "100", "missing_lines": 0, "excluded_lines": 0, "percent_statements_covered": 100.0, "percent_statements_covered_display": "100"}, "missing_lines": [], "excluded_lines": [], "functions": {"": {"executed_lines": [1, 3, 5], "summary": {"covered_lines": 3, "num_statements": 3, "percent_covered": 100.0, "percent_covered_display": "100", "missing_lines": 0, "excluded_lines": 0, "percent_statements_covered": 100.0, "percent_statements_covered_display": "100"}, "missing_lines": [], "excluded_lines": [], "start_line": 1}}, "classes": {"": {"executed_lines": [1, 3, 5], "summary": {"covered_lines": 3, "num_statements": 3, "percent_covered": 100.0, "percent_covered_display": "100", "missing_lines": 0, "excluded_lines": 0, "percent_statements_covered": 100.0, "percent_statements_covered_display": "100"}, "missing_lines": [], "excluded_lines": [], "start_line": 1}}}, "src/seqabpy/gatsby.py": {"executed_lines": [1, 2, 3, 4, 6, 7, 8, 10, 11, 14, 49, 50, 51, 52, 53, 54, 55, 56, 57, 58, 59, 60, 63, 64, 65, 67, 69, 72, 82, 83, 84, 85, 86, 88, 91, 92, 93, 96, 99, 101, 106, 167, 175, 176, 178, 179, 181, 182, 183, 184, 185, 186, 189, 191, 200, 201, 202, 203, 204, 205, 208, 211, 214, 219, 224, 225, 230, 231, 234, 235, 238, 243, 246, 247, 250, 253, 256, 259, 260, 263, 264, 265, 266, 269, 271, 272, 277, 278, 279, 285, 287, 290, 291, 296, 298, 304, 306, 322, 329, 330, 331, 334, 335, 337, 338, 340, 341, 346, 347, 350, 351, 352, 353, 354, 361, 366, 367, 369, 372, 373, 375, 377, 378, 383, 386, 420, 421, 422, 423, 424, 425, 428, 429, 430, 431, 434, 435, 439, 444, 446, 455, 488, 489, 493, 495, 496, 498, 499, 500, 503, 504, 505, 507, 514, 515, 516, 517, 518, 519, 522, 525, 526, 529, 530, 533, 548, 562, 571, 572, 573, 575, 577, 578, 582, 583, 585], "summary": {"covered_lines": 176, "num_statements": 198, "percent_covered": 88.88888888888889, "percent_covered_display": "89", "missing_lines": 22, "excluded_lines": 0, "percent_statements_covered": 88.88888888888889, "percent_statements_covered_display": "89"}, "missing_lines": [236, 273, 288, 292, 307, 309, 311, 313, 501, 534, 535, 536, 544, 545, 550, 551, 553, 554, 558, 559, 560, 565], "excluded_lines": [], "functions": {"alpha_spending_function": {"executed_lines": [49, 50, 51, 52, 53, 54, 55, 56, 57, 58, 59, 60, 63, 64, 65, 67, 69], "summary": {"covered_lines": 17, "num_statements": 17, "percent_covered": 100.0, "percent_covered_display": "100", "missing_lines": 0, "excluded_lines": 0, "percent_statements_covered": 100.0, "percent_statements_covered_display": "100"}, "missing_lines": [], "excluded_lines": [], "start_line": 14}, "multivariate_norm_cdf": {"executed_lines": [82, 83, 84, 85, 86, 88, 91, 92, 93, 96, 99, 101], "summary": {"covered_lines": 12, "num_statements": 12, "percent_covered": 100.0, "percent_covered_display": "100", "missing_lines": 0, "excluded_lines": 0, "percent_statements_covered": 100.0, "percent_statements_covered_display": "100"}, "missing_lines": [], "excluded_lines": [], "start_line": 72}, "calculate_sequential_bounds": {"executed_lines": [167, 191, 211, 214, 219, 224, 225, 230, 231, 234, 235, 238, 243, 246, 247, 250, 253, 256, 259, 260, 263, 264, 265, 266, 269, 271, 272, 277, 278, 279, 285, 287, 290, 291, 296, 298, 304, 306, 322, 329, 330, 331, 334, 335, 337, 338, 340, 341, 346, 347, 350, 351, 352, 353, 354, 361, 366, 367, 369, 372, 373, 375, 377, 378, 383], "summary": {"covered_lines": 65, "num_statements": 73, "percent_covered": 89.04109589041096, "percent_covered_display": "89", "missing_lines": 8, "excluded_lines": 0, "percent_statements_covered": 89.04109589041096, "percent_statements_covered_display": "89"}, "missing_lines": [236, 273, 288, 292, 307, 309, 311, 313], "excluded_lines": [], "start_line": 106}, "calculate_sequential_bounds.calculate_upper_bound": {"executed_lines": [175, 176, 178, 179, 181, 182, 183, 184, 185, 186, 189], "summary": {"covered_lines": 11, "num_statements": 11, "percent_covered": 100.0, "percent_covered_display": "100", "missing_lines": 0, "excluded_lines": 0, "percent_statements_covered": 100.0, "percent_statements_covered_display": "100"}, "missing_lines": [], "excluded_lines": [], "start_line": 167}, "calculate_sequential_bounds.calculate_lower_bound": {"executed_lines": [200, 201, 202, 203, 204, 205, 208], "summary": {"covered_lines": 7, "num_statements": 7, "percent_covered": 100.0, "percent_covered_display": "100", "missing_lines": 0, "excluded_lines": 0, "percent_statements_covered": 100.0, "percent_statements_covered_display": "100"}, "missing_lines": [], "excluded_lines": [], "start_line": 191}, "ldBounds": {"executed_lines": [420, 421, 422, 423, 424, 425, 428, 429, 430, 431, 434, 435, 439, 444, 446], "summary": {"covered_lines": 15, "num_statements": 15, "percent_covered": 100.0, "percent_covered_display": "100", "missing_lines": 0, "excluded_lines": 0, "percent_statements_covered": 100.0, "percent_statements_covered_display": "100"}, "missing_lines": [], "excluded_lines": [], "start_line": 386}, "GST": {"executed_lines": [488, 489, 493, 495, 496, 498, 499, 500, 503, 504, 505, 507, 525, 526, 529, 530, 533, 548, 562, 571, 572, 573, 575, 577, 578, 582, 583, 585], "summary": {"covered_lines": 28, "num_statements": 42, "percent_covered": 66.66666666666667, "percent_covered_display": "67", "missing_lines": 14, "excluded_lines": 0, "percent_statements_covered": 66.66666666666667, "percent_statements_covered_display": "67"}, "missing_lines": [501, 534, 535, 536, 544, 545, 550, 551, 553, 554, 558, 559, 560, 565], "excluded_lines": [], "start_line": 455}, "GST.calculate_upper_bound": {"executed_lines": [514, 515, 516, 517, 518, 519, 522], "summary": {"covered_lines": 7, "num_statements": 7, "percent_covered": 100.0, "percent_covered_display": "100", "missing_lines": 0, "excluded_lines": 0, "percent_statements_covered": 100.0, "percent_statements_covered_display": "100"}, "missing_lines": [], "excluded_lines": [], "start_line": 507}, "": {"executed_lines": [1, 2, 3, 4, 6, 7, 8, 10, 11, 14, 72, 106, 386, 455], "summary": {"covered_lines": 14, "num_statements": 14, "percent_covered": 100.0, "percent_covered_display": "100", "missing_lines": 0, "excluded_lines": 0, "percent_statements_covered": 100.0, "percent_statements_covered_display": "100"}, "missing_lines": [], "excluded_lines": [], "start_line": 1}}, "classes": {"": {"executed_lines": [1, 2, 3, 4, 6, 7, 8, 10, 11, 14, 49, 50, 51, 52, 53, 54, 55, 56, 57, 58, 59, 60, 63, 64, 65, 67, 69, 72, 82, 83, 84, 85, 86, 88, 91, 92, 93, 96, 99, 101, 106, 167, 175, 176, 178, 179, 181, 182, 183, 184, 185, 186, 189, 191, 200, 201, 202, 203, 204, 205, 208, 211, 214, 219, 224, 225, 230, 231, 234, 235, 238, 243, 246, 247, 250, 253, 256, 259, 260, 263, 264, 265, 266, 269, 271, 272, 277, 278, 279, 285, 287, 290, 291, 296, 298, 304, 306, 322, 329, 330, 331, 334, 335, 337, 338, 340, 341, 346, 347, 350, 351, 352, 353, 354, 361, 366, 367, 369, 372, 373, 375, 377, 378, 383, 386, 420, 421, 422, 423, 424, 425, 428, 429, 430, 431, 434, 435, 439, 444, 446, 455, 488, 489, 493, 495, 496, 498, 499, 500, 503, 504, 505, 507, 514, 515, 516, 517, 518, 519, 522, 525, 526, 529, 530, 533, 548, 562, 571, 572, 573, 575, 577, 578, 582, 583, 585], "summary": {"covered_lines": 176, "num_statements": 198, "percent_covered": 88.88888888888889, "percent_covered_display": "89", "missing_lines": 22, "excluded_lines": 0, "percent_statements_covered": 88.88888888888889, "percent_statements_covered_display": "89"}, "missing_lines": [236, 273, 288, 292, 307, 309, 311, 313, 501, 534, 535, 536, 544, 545, 550, 551, 553, 554, 558, 559, 560, 565], "excluded_lines": [], "start_line": 1}}},